,stn_name,stn_id,stn_lon,stn_lat,stn_ele,stn_obs_hgt,stn_mnet_id,stn_tmzn,stn_datetime_start,stn_datetime_end,stn_state,stn_county,stn_cwa,stn_notes
285,Alameda Naval Air Station,KNGZ,-122.31667,37.78333,13.0,10.0,1,America/Los_Angeles,2020-08-11 08:07:59.532523,2020-08-11 08:07:59.532524,CA,Alameda,MTR, 
49,Alameda Naval Air Station,KNGZ,-122.31667,37.78333,13.0,10.0,1,America/Los_Angeles,2020-08-11 08:07:43.940608,2020-08-11 08:07:43.940611,CA,Alameda,MTR, 
238,Alturas,KAAT,-120.5615,41.48362,4383.0,10.0,1,America/Los_Angeles,1999-12-20 00:00:00.000000,2020-08-04 06:55:00.000000,CA,Modoc,MFR, 
2,Alturas,KAAT,-120.5615,41.48362,4383.0,10.0,1,America/Los_Angeles,1999-12-20 00:00:00.000000,2020-08-04 06:55:00.000000,CA,Modoc,MFR, 
116,Alturas,KS11,-120.53,41.5,4400.0,10.0,1,America/Los_Angeles,1997-02-28 00:00:00.000000,2000-06-13 23:15:00.000000,CA,Modoc,MFR, 
168,Anacapa Island,KL46,-119.36667,34.01667,138.0,10.0,1,America/Los_Angeles,2020-08-11 08:07:43.947987,2020-08-11 08:07:43.947988,CA,Ventura,, 
239,"Arcata / Eureka, Arcata Airport",KACV,-124.10861,40.97806,217.0,10.0,1,America/Los_Angeles,1997-04-12 00:00:00.000000,2020-08-04 06:53:00.000000,CA,Humboldt,EKA, 
3,"Arcata / Eureka, Arcata Airport",KACV,-124.10861,40.97806,217.0,10.0,1,America/Los_Angeles,1997-04-12 00:00:00.000000,2020-08-04 06:53:00.000000,CA,Humboldt,EKA, 
152,Auburn Municipal Airport,KAUN,-121.08636,38.95535,1486.0,10.0,1,America/Los_Angeles,2004-11-18 00:00:00.000000,2020-08-04 06:35:00.000000,CA,Placer,STO, 
153,Avalon Catalina Airport,KAVX,-118.41456,33.40421,1578.0,10.0,1,America/Los_Angeles,2004-11-18 00:00:00.000000,2020-08-04 06:51:00.000000,CA,Los Angeles,LOX, 
242,"Bakersfield, Meadows Field Airport",KBFL,-119.05667,35.43361,509.0,10.0,1,America/Los_Angeles,1997-04-12 00:00:00.000000,2020-08-04 06:54:00.000000,CA,Kern,HNX, 
6,"Bakersfield, Meadows Field Airport",KBFL,-119.05667,35.43361,509.0,10.0,1,America/Los_Angeles,1997-04-12 00:00:00.000000,2020-08-04 06:54:00.000000,CA,Kern,HNX, 
10,Beaumont,KBUO,-116.96667,33.93333,2270.0,10.0,1,America/Los_Angeles,1997-04-12 00:00:00.000000,2001-09-01 23:45:00.000000,CA,Riverside,SGX, 
246,Beaumont,KBUO,-116.96667,33.93333,2270.0,10.0,1,America/Los_Angeles,1997-04-12 00:00:00.000000,2001-09-01 23:45:00.000000,CA,Riverside,SGX, 
189,Big Bear City Airport,KL35,-116.856,34.2638,6752.0,10.0,1,America/Los_Angeles,2007-06-20 00:00:00.000000,2020-08-04 06:35:00.000000,CA,San Bernardino,SGX, 
7,"Bishop, Bishop Airport",KBIH,-118.35806,37.37111,4121.0,10.0,1,America/Los_Angeles,1997-04-12 00:00:00.000000,2020-08-04 06:50:00.000000,CA,Inyo,VEF, 
243,"Bishop, Bishop Airport",KBIH,-118.35806,37.37111,4121.0,10.0,1,America/Los_Angeles,1997-04-12 00:00:00.000000,2020-08-04 06:50:00.000000,CA,Inyo,VEF, 
137,Blunts Reef Coast Guard Station,K84Q,-124.5,40.43333,26.0,10.0,1,America/Los_Angeles,2020-08-11 08:07:43.947699,2020-08-11 08:07:43.947700,CA,,EKA, 
8,"Blythe, Blythe Airport",KBLH,-114.71694,33.61917,397.0,10.0,1,America/Los_Angeles,1997-04-12 00:00:00.000000,2020-08-04 04:52:00.000000,CA,Riverside,PSR, 
244,"Blythe, Blythe Airport",KBLH,-114.71694,33.61917,397.0,10.0,1,America/Los_Angeles,1997-04-12 00:00:00.000000,2020-08-04 04:52:00.000000,CA,Riverside,PSR, 
143,Bodega Bay Coast Guard Light Station,K92Q,-123.05,38.31667,10.0,10.0,1,America/Los_Angeles,2020-08-11 08:07:43.947736,2020-08-11 08:07:43.947741,CA,Sonoma,MTR, 
230,Borrego Valley Airport,KL08,-116.32097,33.25903,522.0,10.0,1,America/Los_Angeles,2018-08-16 15:00:00.000000,2020-08-04 06:55:00.000000,CA,San Diego,SGX, 
73,Brackett Field Airport,KPOC,-117.77937,34.09282,997.0,10.0,1,America/Los_Angeles,1997-04-12 00:00:00.000000,2020-08-04 00:47:00.000000,CA,Los Angeles,LOX, 
309,Brackett Field Airport,KPOC,-117.77937,34.09282,997.0,10.0,1,America/Los_Angeles,1997-04-12 00:00:00.000000,2020-08-04 00:47:00.000000,CA,Los Angeles,LOX, 
11,Burbank - Bob Hope Airport,KBUR,-118.36538,34.19967,728.0,10.0,1,America/Los_Angeles,1997-04-12 00:00:00.000000,2020-08-04 06:53:00.000000,CA,Los Angeles,LOX, 
247,Burbank - Bob Hope Airport,KBUR,-118.36538,34.19967,728.0,10.0,1,America/Los_Angeles,1997-04-12 00:00:00.000000,2020-08-04 06:53:00.000000,CA,Los Angeles,LOX, 
155,Burney,KBNY,-121.66667,40.88333,3140.0,10.0,1,America/Los_Angeles,2020-08-11 08:07:43.947863,2020-08-11 08:07:43.947863,CA,Shasta,STO, 
228,Byron,KC83,-121.6244,37.8276,79.0,10.0,1,America/Los_Angeles,2018-08-02 16:41:00.000000,2020-08-04 06:55:00.000000,CA,Contra Costa,MTR, 
232,Cable Airport,KCCB,-117.68739,34.11161,1444.0,10.0,1,America/Los_Angeles,2018-11-05 22:05:00.000000,2020-08-04 06:35:00.000000,CA,San Bernardino,SGX, 
164,Cabrillo Beach,KL14,-118.28333,33.71667,26.0,10.0,1,America/Los_Angeles,2020-08-11 08:07:43.947965,2020-08-11 08:07:43.947965,CA,Los Angeles,LOX, 
157,"Calexico, Calexico International Airport",KCWL,-115.51333,32.66944,3.0,10.0,1,America/Los_Angeles,2020-08-11 08:07:43.947872,2020-08-11 08:07:43.947872,CA,Imperial,PSR, 
252,"Camarillo, Camarillo Airport",KCMA,-119.08333,34.21667,75.0,10.0,1,America/Los_Angeles,1999-11-14 00:00:00.000000,2020-08-04 06:55:00.000000,CA,Ventura,LOX, 
16,"Camarillo, Camarillo Airport",KCMA,-119.08333,34.21667,75.0,10.0,1,America/Los_Angeles,1999-11-14 00:00:00.000000,2020-08-04 06:55:00.000000,CA,Ventura,LOX, 
156,Camp San Luis Airport,KCSL,-120.73333,35.33333,249.0,10.0,1,America/Los_Angeles,2020-08-11 08:07:43.947867,2020-08-11 08:07:43.947868,CA,San Luis Obispo,LOX, 
256,Campo,KCZZ,-116.46833,32.62611,2648.0,10.0,1,America/Los_Angeles,1998-07-14 00:00:00.000000,2020-08-04 06:52:00.000000,CA,San Diego,SGX, 
20,Campo,KCZZ,-116.46833,32.62611,2648.0,10.0,1,America/Los_Angeles,1998-07-14 00:00:00.000000,2020-08-04 06:52:00.000000,CA,San Diego,SGX, 
255,"Carlsbad, Mcclellan-Palomar Airport",KCRQ,-117.27583,33.13,328.0,10.0,1,America/Los_Angeles,1997-04-12 00:00:00.000000,2020-08-04 06:53:00.000000,CA,San Diego,SGX, 
19,"Carlsbad, Mcclellan-Palomar Airport",KCRQ,-117.27583,33.13,328.0,10.0,1,America/Los_Angeles,1997-04-12 00:00:00.000000,2020-08-04 06:53:00.000000,CA,San Diego,SGX, 
134,Castroville / Moss,K54Q,-121.8,36.8,16.0,10.0,1,America/Los_Angeles,2020-08-11 08:07:43.947686,2020-08-11 08:07:43.947686,CA,Monterey,MTR, 
251,Chico Municipal Airport,KCIC,-121.85795,39.79879,236.0,10.0,1,America/Los_Angeles,1997-04-12 00:00:00.000000,2020-08-04 06:55:00.000000,CA,Butte,STO, 
15,Chico Municipal Airport,KCIC,-121.85795,39.79879,236.0,10.0,1,America/Los_Angeles,1997-04-12 00:00:00.000000,2020-08-04 06:55:00.000000,CA,Butte,STO, 
286,"China Lake, Naval Air Facility",KNID,-117.69,35.68639,2283.0,10.0,1,America/Los_Angeles,1997-04-09 00:00:00.000000,2020-08-04 06:56:00.000000,CA,Kern,HNX, 
50,"China Lake, Naval Air Facility",KNID,-117.69,35.68639,2283.0,10.0,1,America/Los_Angeles,1997-04-09 00:00:00.000000,2020-08-04 06:56:00.000000,CA,Kern,HNX, 
253,"Chino, Chino Airport",KCNO,-117.62361,33.97556,650.0,10.0,1,America/Los_Angeles,1997-04-12 00:00:00.000000,2020-08-04 06:53:00.000000,CA,San Bernardino,SGX, 
17,"Chino, Chino Airport",KCNO,-117.62361,33.97556,650.0,10.0,1,America/Los_Angeles,1997-04-12 00:00:00.000000,2020-08-04 06:53:00.000000,CA,San Bernardino,SGX, 
198,Columbia,KO22,-120.42,38.03,2119.0,10.0,1,America/Los_Angeles,2010-11-01 00:00:00.000000,2020-08-04 06:55:00.000000,CA,Tuolumne,STO, 
225,Compton - Woodley,KCPM,-118.24381,33.88992,99.0,10.0,1,America/Los_Angeles,2015-04-30 20:04:00.000000,2017-07-10 17:23:00.000000,CA,Los Angeles,LOX, 
249,"Concord, Buchanan Field",KCCR,-122.05194,37.99167,23.0,10.0,1,America/Los_Angeles,1997-04-12 00:00:00.000000,2020-08-04 06:53:00.000000,CA,Contra Costa,MTR, 
13,"Concord, Buchanan Field",KCCR,-122.05194,37.99167,23.0,10.0,1,America/Los_Angeles,1997-04-12 00:00:00.000000,2020-08-04 06:53:00.000000,CA,Contra Costa,MTR, 
188,Corona Airport,KAJO,-117.6024,33.8977,534.0,10.0,1,America/Los_Angeles,2007-06-20 00:00:00.000000,2020-08-04 06:56:00.000000,CA,Riverside,SGX, 
14,"Crescent City, Jack Mcnamara Field Airport",KCEC,-124.23667,41.78028,56.0,10.0,1,America/Los_Angeles,1997-04-12 00:00:00.000000,2020-08-04 06:50:00.000000,CA,Del Norte,EKA, 
250,"Crescent City, Jack Mcnamara Field Airport",KCEC,-124.23667,41.78028,56.0,10.0,1,America/Los_Angeles,1997-04-12 00:00:00.000000,2020-08-04 06:50:00.000000,CA,Del Norte,EKA, 
54,Crows Landing Naval Auxiliary Landing Field,KNRC,-121.1,37.4,164.0,10.0,1,America/Los_Angeles,2020-08-11 08:07:43.940835,2020-08-11 08:07:43.940836,CA,Stanislaus,STO, 
290,Crows Landing Naval Auxiliary Landing Field,KNRC,-121.1,37.4,164.0,10.0,1,America/Los_Angeles,2020-08-11 08:07:59.532651,2020-08-11 08:07:59.532651,CA,Stanislaus,STO, 
128,Cuddleback Gunnery Range,K4CB,-117.43333,35.26667,2835.0,10.0,1,America/Los_Angeles,2020-08-11 08:07:43.947653,2020-08-11 08:07:43.947654,CA,San Bernardino,VEF, 
21,"Daggett, Barstow-Daggett Airport",KDAG,-116.78667,34.85361,1926.0,10.0,1,America/Los_Angeles,1997-01-11 00:00:00.000000,2020-08-04 06:50:00.000000,CA,San Bernardino,VEF, 
257,"Daggett, Barstow-Daggett Airport",KDAG,-116.78667,34.85361,1926.0,10.0,1,America/Los_Angeles,1997-01-11 00:00:00.000000,2020-08-04 06:50:00.000000,CA,San Bernardino,VEF, 
151,Dana Point,K9L0,-117.68333,33.45,49.0,10.0,1,America/Los_Angeles,2020-08-11 08:07:43.947782,2020-08-11 08:07:43.947783,CA,Orange,LOX, 
132,Davis Point Aviation Weather Reporting Station,K52Q,-122.26667,38.05,59.0,10.0,1,America/Los_Angeles,2020-08-11 08:07:43.947677,2020-08-11 08:07:43.947677,CA,Contra Costa,MTR, 
233,Delano Municipal Airport,KDLO,-119.2365,35.74556,316.0,10.0,1,America/Los_Angeles,2018-11-05 22:02:00.000000,2020-08-04 06:35:00.000000,CA,Kern,HNX, 
186,Edwards Air Force Auxiliary North Base,K9L2,-117.86317,34.99083,2299.0,10.0,1,America/Los_Angeles,2005-08-08 00:00:00.000000,2020-08-04 05:58:00.000000,CA,Kern,HNX, 
22,Edwards Air Force Base,KEDW,-117.879,34.918,2310.0,10.0,1,America/Los_Angeles,1997-04-12 00:00:00.000000,2020-08-04 05:58:00.000000,CA,Kern,HNX, 
258,Edwards Air Force Base,KEDW,-117.879,34.918,2310.0,10.0,1,America/Los_Angeles,1997-04-12 00:00:00.000000,2020-08-04 05:58:00.000000,CA,Kern,HNX, 
173,El Capitan Beach,KL98,-120.03333,33.45,89.0,10.0,1,America/Los_Angeles,2020-08-11 08:07:43.948015,2020-08-11 08:07:43.948016,CA,,LOX, 
51,"El Centro, Naval Air Facility",KNJK,-115.66056,32.825,-43.0,10.0,1,America/Los_Angeles,1997-04-12 00:00:00.000000,2020-08-04 05:56:00.000000,CA,Imperial,PSR, 
287,"El Centro, Naval Air Facility",KNJK,-115.66056,32.825,-43.0,10.0,1,America/Los_Angeles,1997-04-12 00:00:00.000000,2020-08-04 05:56:00.000000,CA,Imperial,PSR, 
24,El Monte,KEMT,-118.03333,34.08333,295.0,10.0,1,America/Los_Angeles,1997-04-12 00:00:00.000000,2020-08-04 01:45:00.000000,CA,Los Angeles,LOX, 
260,El Monte,KEMT,-118.03333,34.08333,295.0,10.0,1,America/Los_Angeles,1997-04-12 00:00:00.000000,2020-08-04 01:45:00.000000,CA,Los Angeles,LOX, 
62,El Toro Mcas,KNZJ,-117.73,33.67,384.0,10.0,1,America/Los_Angeles,1997-04-12 00:00:00.000000,1999-06-30 02:50:00.000000,CA,Orange,SGX, 
298,El Toro Mcas,KNZJ,-117.73,33.67,384.0,10.0,1,America/Los_Angeles,1997-04-12 00:00:00.000000,1999-06-30 02:50:00.000000,CA,Orange,SGX, 
245,"Emigrant Gap, Blue Canyon Nyack Airport",KBLU,-120.70806,39.27611,5282.0,10.0,1,America/Los_Angeles,1997-04-12 00:00:00.000000,2020-08-04 06:52:00.000000,CA,Placer,STO, 
9,"Emigrant Gap, Blue Canyon Nyack Airport",KBLU,-120.70806,39.27611,5282.0,10.0,1,America/Los_Angeles,1997-04-12 00:00:00.000000,2020-08-04 06:52:00.000000,CA,Placer,STO, 
154,Eureka Nexrad,KBHX,-124.3,40.5,2516.0,10.0,1,America/Los_Angeles,2020-08-11 08:07:43.947858,2020-08-11 08:07:43.947859,CA,Humboldt,EKA, 
103,Fairfield / Travis Air Force Base,KSUU,-121.95,38.26667,62.0,10.0,1,America/Los_Angeles,1997-04-12 00:00:00.000000,2020-08-04 05:58:00.000000,CA,Solano,STO, 
339,Fairfield / Travis Air Force Base,KSUU,-121.95,38.26667,62.0,10.0,1,America/Los_Angeles,1997-04-12 00:00:00.000000,2020-08-04 05:58:00.000000,CA,Solano,STO, 
223,Fallbrook Community Airpark,KL18,-117.2509,33.3542,708.0,10.0,1,America/Los_Angeles,2014-02-07 00:00:00.000000,2020-08-04 06:55:00.000000,CA,San Diego,SGX, 
130,Farallon Island,K50Q,-123.0,37.7,39.0,10.0,1,America/Los_Angeles,2020-08-11 08:07:43.947666,2020-08-11 08:07:43.947666,CA,San Francisco,MTR, 
177,Fort Bragg,KO64,-123.81667,39.4,62.0,10.0,1,America/Los_Angeles,2005-02-17 00:00:00.000000,2005-02-17 00:05:00.000000,CA,Mendocino,EKA, 
12,"Fort Irwin/Barstow, Bicycle Lake Army Airfield",KBYS,-116.61667,35.28333,2349.0,10.0,1,America/Los_Angeles,1997-04-12 00:00:00.000000,2020-08-04 05:58:00.000000,CA,San Bernardino,VEF, 
248,"Fort Irwin/Barstow, Bicycle Lake Army Airfield",KBYS,-116.61667,35.28333,2349.0,10.0,1,America/Los_Angeles,1997-04-12 00:00:00.000000,2020-08-04 05:58:00.000000,CA,San Bernardino,VEF, 
302,Fort Ord/Fritzsche,KOAR,-121.77,36.68,135.0,10.0,1,America/Los_Angeles,2020-08-11 08:07:59.532985,2020-08-11 08:07:59.532986,CA,Monterey,MTR, 
66,Fort Ord/Fritzsche,KOAR,-121.77,36.68,135.0,10.0,1,America/Los_Angeles,2020-08-11 08:07:43.941260,2020-08-11 08:07:43.941260,CA,Monterey,MTR, 
218,Fortuna Rohnerville Airport,KFOT,-124.13338,40.55296,377.0,10.0,1,America/Los_Angeles,2011-12-28 00:00:00.000000,2020-07-29 17:50:00.000000,CA,Humboldt,EKA, 
159,Fresno Chandler Executive Airport,KFCH,-119.81465,36.73096,279.0,10.0,1,America/Los_Angeles,2015-07-17 16:55:00.000000,2020-05-14 10:35:00.000000,CA,Fresno,HNX, 
261,"Fresno, Fresno Air Terminal",KFAT,-119.71944,36.78,331.0,10.0,1,America/Los_Angeles,1997-04-12 00:00:00.000000,2020-08-04 06:53:00.000000,CA,Fresno,HNX, 
25,"Fresno, Fresno Air Terminal",KFAT,-119.71944,36.78,331.0,10.0,1,America/Los_Angeles,1997-04-12 00:00:00.000000,2020-08-04 06:53:00.000000,CA,Fresno,HNX, 
262,"Fullerton, Fullerton Municipal Airport",KFUL,-117.98472,33.87194,95.0,10.0,1,America/Los_Angeles,1997-04-12 00:00:00.000000,2020-08-04 06:53:00.000000,CA,Orange,SGX, 
26,"Fullerton, Fullerton Municipal Airport",KFUL,-117.98472,33.87194,95.0,10.0,1,America/Los_Angeles,1997-04-12 00:00:00.000000,2020-08-04 06:53:00.000000,CA,Orange,SGX, 
349,General Wm J Fox Airfield,KWJF,-118.21251,34.74123,2333.0,10.0,1,America/Los_Angeles,1997-04-12 00:00:00.000000,2020-08-04 06:50:00.000000,CA,Los Angeles,LOX, 
113,General Wm J Fox Airfield,KWJF,-118.21251,34.74123,2333.0,10.0,1,America/Los_Angeles,1997-04-12 00:00:00.000000,2020-08-04 06:50:00.000000,CA,Los Angeles,LOX, 
91,Gillespie Field Airport,KSEE,-116.97369,32.82738,364.0,10.0,1,America/Los_Angeles,1999-11-14 00:00:00.000000,2020-08-04 06:35:00.000000,CA,San Diego,SGX, 
327,Gillespie Field Airport,KSEE,-116.97369,32.82738,364.0,10.0,1,America/Los_Angeles,1999-11-14 00:00:00.000000,2020-08-04 06:35:00.000000,CA,San Diego,SGX, 
160,Golden Gate Bridge,KGGB,-122.46667,37.81667,266.0,10.0,1,America/Los_Angeles,2020-08-11 08:07:43.947914,2020-08-11 08:07:43.947914,CA,San Francisco,MTR, 
224,Gray Butte Field Airport,KGXA,-117.6704,34.5666,3028.0,10.0,1,America/Los_Angeles,2015-04-29 19:55:00.000000,2020-08-04 05:58:00.000000,CA,Los Angeles,LOX, 
192,Half Moon Bay Airport,KHAF,-122.4996,37.5136,65.0,10.0,1,America/Los_Angeles,2010-01-19 00:00:00.000000,2020-08-04 06:55:00.000000,CA,San Mateo,MTR, 
181,Hamilton U. S. Army Airfield,KSRF,-122.5,38.06667,3.0,10.0,1,America/Los_Angeles,2020-08-11 08:07:43.948098,2020-08-11 08:07:43.948098,CA,Marin,MTR, 
265,Hanford Municipal Airport,KHJO,-119.62315,36.31145,233.0,10.0,1,America/Los_Angeles,1999-12-24 00:00:00.000000,2020-08-04 06:53:00.000000,CA,Kings,HNX, 
29,Hanford Municipal Airport,KHJO,-119.62315,36.31145,233.0,10.0,1,America/Los_Angeles,1999-12-24 00:00:00.000000,2020-08-04 06:53:00.000000,CA,Kings,HNX, 
176,"Hanford, Hanford Municipal Airport",KO18,-119.62944,36.3175,246.0,10.0,1,America/Los_Angeles,2020-08-11 08:07:43.948032,2020-08-11 08:07:43.948032,CA,Kings,HNX, 
28,"Hawthorne, Hawthorne Municipal Airport",KHHR,-118.33194,33.92361,62.0,10.0,1,America/Los_Angeles,1997-04-12 00:00:00.000000,2020-08-04 06:53:00.000000,CA,Los Angeles,LOX, 
264,"Hawthorne, Hawthorne Municipal Airport",KHHR,-118.33194,33.92361,62.0,10.0,1,America/Los_Angeles,1997-04-12 00:00:00.000000,2020-08-04 06:53:00.000000,CA,Los Angeles,LOX, 
266,"Hayward, Hayward Air Terminal",KHWD,-122.11833,37.66083,46.0,10.0,1,America/Los_Angeles,1997-04-12 00:00:00.000000,2020-08-04 06:54:00.000000,CA,Alameda,MTR, 
30,"Hayward, Hayward Air Terminal",KHWD,-122.11833,37.66083,46.0,10.0,1,America/Los_Angeles,1997-04-12 00:00:00.000000,2020-08-04 06:54:00.000000,CA,Alameda,MTR, 
235,Hemet-Ryan Airport,KHMT,-117.02231,33.73403,1515.0,10.0,1,America/Los_Angeles,2019-11-22 04:23:00.000000,2020-08-04 06:35:00.000000,CA,Riverside,SGX, 
129,Hermosa Beach Pier,K4L7,-118.4,33.86667,26.0,10.0,1,America/Los_Angeles,2020-08-11 08:07:43.947658,2020-08-11 08:07:43.947658,CA,Los Angeles,LOX, 
191,"Hollister, Ca",KCVH,-121.4103,36.8933,229.0,10.0,1,America/Los_Angeles,2009-09-23 00:00:00.000000,2020-08-04 06:55:00.000000,CA,San Benito,MTR, 
27,Hunter Ligget/Tusi,KHGT,-121.23,36.0,1017.0,10.0,1,America/Los_Angeles,2003-07-15 00:00:00.000000,2019-10-09 17:55:00.000000,CA,Monterey,MTR, 
263,Hunter Ligget/Tusi,KHGT,-121.23,36.0,1017.0,10.0,1,America/Los_Angeles,2003-07-15 00:00:00.000000,2019-10-09 17:55:00.000000,CA,Monterey,MTR, 
122,Huntington B. Oil,K2H1,-118.13333,33.56667,118.0,10.0,1,America/Los_Angeles,2020-08-11 08:07:43.947580,2020-08-11 08:07:43.947580,CA,,LOX, 
136,Huntington Beach,K6L9,-118.0,33.65,115.0,10.0,1,America/Los_Angeles,2020-08-11 08:07:43.947694,2020-08-11 08:07:43.947695,CA,Orange,LOX, 
55,Imperial Beach Naval Outlying Field - Ream Field,KNRS,-117.11091,32.56302,20.0,10.0,1,America/Los_Angeles,1999-05-14 00:00:00.000000,2020-08-04 06:56:00.000000,CA,San Diego,SGX, 
291,Imperial Beach Naval Outlying Field - Ream Field,KNRS,-117.11091,32.56302,20.0,10.0,1,America/Los_Angeles,1999-05-14 00:00:00.000000,2020-08-04 06:56:00.000000,CA,San Diego,SGX, 
31,"Imperial, Imperial County Airport",KIPL,-115.57861,32.83417,-56.0,10.0,1,America/Los_Angeles,1997-04-12 00:00:00.000000,2020-08-04 06:53:00.000000,CA,Imperial,PSR, 
267,"Imperial, Imperial County Airport",KIPL,-115.57861,32.83417,-56.0,10.0,1,America/Los_Angeles,1997-04-12 00:00:00.000000,2020-08-04 06:53:00.000000,CA,Imperial,PSR, 
115,Inyokern,KIYK,-117.83333,35.66667,2457.0,10.0,1,America/Los_Angeles,1999-11-15 00:00:00.000000,2013-11-04 19:55:00.000000,CA,Kern,HNX, 
335,John Wayne-Orange County Airport,KSNA,-117.8674,33.6798,39.0,10.0,1,America/Los_Angeles,1997-04-12 00:00:00.000000,2020-08-04 06:53:00.000000,CA,Orange,SGX, 
99,John Wayne-Orange County Airport,KSNA,-117.8674,33.6798,39.0,10.0,1,America/Los_Angeles,1997-04-12 00:00:00.000000,2020-08-04 06:53:00.000000,CA,Orange,SGX, 
117,La Civic Center,KA06,-118.24,34.05,233.0,10.0,1,America/Los_Angeles,1998-01-22 00:00:00.000000,2000-06-13 23:30:00.000000,CA,Los Angeles,LOX, 
53,Lemoore Naval Air Station - Reeves Field,KNLC,-119.93968,36.30244,223.0,10.0,1,America/Los_Angeles,1997-04-12 00:00:00.000000,2020-08-04 06:56:00.000000,CA,Kings,HNX, 
289,Lemoore Naval Air Station - Reeves Field,KNLC,-119.93968,36.30244,223.0,10.0,1,America/Los_Angeles,1997-04-12 00:00:00.000000,2020-08-04 06:56:00.000000,CA,Kings,HNX, 
197,Lincoln Regional Karl Harder Field,KLHM,-121.3513,38.9092,121.0,10.0,1,America/Los_Angeles,2010-03-04 00:00:00.000000,2020-08-04 06:35:00.000000,CA,Placer,STO, 
35,"Livermore, Livermore Municipal Airport",KLVK,-121.81444,37.69278,397.0,10.0,1,America/Los_Angeles,1997-04-12 00:00:00.000000,2020-08-04 06:53:00.000000,CA,Alameda,MTR, 
271,"Livermore, Livermore Municipal Airport",KLVK,-121.81444,37.69278,397.0,10.0,1,America/Los_Angeles,1997-04-12 00:00:00.000000,2020-08-04 06:53:00.000000,CA,Alameda,MTR, 
34,"Lompoc, Lompoc Airport",KLPC,-120.46667,34.66667,89.0,10.0,1,America/Los_Angeles,1999-11-14 00:00:00.000000,2020-08-04 06:56:00.000000,CA,Santa Barbara,LOX, 
270,"Lompoc, Lompoc Airport",KLPC,-120.46667,34.66667,89.0,10.0,1,America/Los_Angeles,1999-11-14 00:00:00.000000,2020-08-04 06:56:00.000000,CA,Santa Barbara,LOX, 
109,"Lompoc, Vandenberg Air Force Base",KVBG,-120.57667,34.72944,367.0,10.0,1,America/Los_Angeles,1998-10-01 00:00:00.000000,2020-08-04 06:32:00.000000,CA,Santa Barbara,LOX, 
345,"Lompoc, Vandenberg Air Force Base",KVBG,-120.57667,34.72944,367.0,10.0,1,America/Los_Angeles,1998-10-01 00:00:00.000000,2020-08-04 06:32:00.000000,CA,Santa Barbara,LOX, 
135,Long Beach,K5L8,-118.16667,33.76667,10.0,10.0,1,America/Los_Angeles,2020-08-11 08:07:43.947690,2020-08-11 08:07:43.947691,CA,Los Angeles,LOX, 
33,"Long Beach, Long Beach Airport",KLGB,-118.14639,33.81167,56.0,10.0,1,America/Los_Angeles,1997-04-12 00:00:00.000000,2020-08-04 06:53:00.000000,CA,Los Angeles,LOX, 
269,"Long Beach, Long Beach Airport",KLGB,-118.14639,33.81167,56.0,10.0,1,America/Los_Angeles,1997-04-12 00:00:00.000000,2020-08-04 06:53:00.000000,CA,Los Angeles,LOX, 
331,Los Alamitos Army Airfield,KSLI,-118.04179,33.79628,26.0,10.0,1,America/Los_Angeles,1997-04-12 00:00:00.000000,2020-08-04 04:58:00.000000,CA,Orange,SGX, 
95,Los Alamitos Army Airfield,KSLI,-118.04179,33.79628,26.0,10.0,1,America/Los_Angeles,1997-04-12 00:00:00.000000,2020-08-04 04:58:00.000000,CA,Orange,SGX, 
254,Los Angeles / Usc Campus Downtown,KCQT,-118.29122,34.02355,179.0,10.0,1,America/Los_Angeles,2000-01-10 00:00:00.000000,2020-08-04 06:52:00.000000,CA,Los Angeles,LOX, 
18,Los Angeles / Usc Campus Downtown,KCQT,-118.29122,34.02355,179.0,10.0,1,America/Los_Angeles,2000-01-10 00:00:00.000000,2020-08-04 06:52:00.000000,CA,Los Angeles,LOX, 
184,Los Angeles Nexrad,KVTX,-119.18333,34.41667,2808.0,10.0,1,America/Los_Angeles,2020-08-11 08:07:43.948311,2020-08-11 08:07:43.948312,CA,Ventura,LOX, 
32,"Los Angeles, Los Angeles International Airport",KLAX,-118.38889,33.93806,125.0,10.0,1,America/Los_Angeles,1997-04-12 00:00:00.000000,2020-08-04 06:53:00.000000,CA,Los Angeles,LOX, 
268,"Los Angeles, Los Angeles International Airport",KLAX,-118.38889,33.93806,125.0,10.0,1,America/Los_Angeles,1997-04-12 00:00:00.000000,2020-08-04 06:53:00.000000,CA,Los Angeles,LOX, 
185,"Los Angeles, Whiteman Airport",KWHP,-118.4,34.25,1004.0,10.0,1,America/Los_Angeles,2004-11-18 00:00:00.000000,2020-08-04 01:55:00.000000,CA,Los Angeles,LOX, 
272,Madera Municipal Airport,KMAE,-120.11064,36.9851,246.0,10.0,1,America/Los_Angeles,1999-12-24 00:00:00.000000,2020-08-04 06:53:00.000000,CA,Madera,HNX, 
36,Madera Municipal Airport,KMAE,-120.11064,36.9851,246.0,10.0,1,America/Los_Angeles,1999-12-24 00:00:00.000000,2020-08-04 06:53:00.000000,CA,Madera,HNX, 
169,Malibu Beach,KL55,-118.68333,34.03333,456.0,10.0,1,America/Los_Angeles,2020-08-11 08:07:43.947993,2020-08-11 08:07:43.947993,CA,Los Angeles,LOX, 
279,Mammoth Yosemite Airport,KMMH,-118.8423,37.6241,7112.0,10.0,1,America/Los_Angeles,1998-07-14 00:00:00.000000,2020-08-04 06:36:00.000000,CA,Mono,REV, 
43,Mammoth Yosemite Airport,KMMH,-118.8423,37.6241,7112.0,10.0,1,America/Los_Angeles,1998-07-14 00:00:00.000000,2020-08-04 06:36:00.000000,CA,Mono,REV, 
215,March Afb/88D,KRIX,-116.57,33.55,1535.0,10.0,1,America/Los_Angeles,2020-08-11 08:07:43.959080,2020-08-11 08:07:43.959081,CA,Riverside,SGX, 
123,Marina Del Rey,K2L6,-118.43333,33.96667,26.0,10.0,1,America/Los_Angeles,2020-08-11 08:07:43.947587,2020-08-11 08:07:43.947587,CA,Los Angeles,LOX, 
241,"Marysville, Beale Air Force Base",KBAB,-121.43333,39.13333,112.0,10.0,1,America/Los_Angeles,1997-04-12 00:00:00.000000,2020-08-04 05:58:00.000000,CA,Yuba,STO, 
5,"Marysville, Beale Air Force Base",KBAB,-121.43333,39.13333,112.0,10.0,1,America/Los_Angeles,1997-04-12 00:00:00.000000,2020-08-04 05:58:00.000000,CA,Yuba,STO, 
47,"Marysville, Yuba County Airport",KMYV,-121.56972,39.09778,62.0,10.0,1,America/Los_Angeles,1997-04-12 00:00:00.000000,2020-08-04 06:53:00.000000,CA,Yuba,STO, 
283,"Marysville, Yuba County Airport",KMYV,-121.56972,39.09778,62.0,10.0,1,America/Los_Angeles,1997-04-12 00:00:00.000000,2020-08-04 06:53:00.000000,CA,Yuba,STO, 
221,Mcmwtc Bridgeport,KBAN,-119.5188,38.3557,6748.0,10.0,1,America/Los_Angeles,2012-08-09 00:00:00.000000,2020-08-04 06:52:00.000000,CA,Mono,REV, 
194,Mcolf Camp Pendleton (Red Beach),KNXF,-117.4565,33.2856,88.0,10.0,1,America/Los_Angeles,2010-01-27 00:00:00.000000,2020-06-16 21:56:00.000000,CA,San Diego,SGX, 
39,Merced / Castle Air Force Base,KMER,-120.56667,37.36667,187.0,10.0,1,America/Los_Angeles,1999-06-30 00:00:00.000000,2020-08-04 06:55:00.000000,CA,Merced,HNX, 
275,Merced / Castle Air Force Base,KMER,-120.56667,37.36667,187.0,10.0,1,America/Los_Angeles,1999-06-30 00:00:00.000000,2020-08-04 06:55:00.000000,CA,Merced,HNX, 
38,Merced Regional Airport,KMCE,-120.50778,37.28306,154.0,10.0,1,America/Los_Angeles,1997-04-12 00:00:00.000000,2020-08-04 06:53:00.000000,CA,Merced,HNX, 
274,Merced Regional Airport,KMCE,-120.50778,37.28306,154.0,10.0,1,America/Los_Angeles,1997-04-12 00:00:00.000000,2020-08-04 06:53:00.000000,CA,Merced,HNX, 
170,Mission Beach,KL58,-117.23333,32.76667,7.0,10.0,1,America/Los_Angeles,2020-08-11 08:07:43.947997,2020-08-11 08:07:43.947997,CA,San Diego,SGX, 
44,Modesto City-County Airport - Harry Sham Field,KMOD,-120.9549,37.62549,85.0,10.0,1,America/Los_Angeles,1997-04-12 00:00:00.000000,2020-08-04 06:53:00.000000,CA,Stanislaus,STO, 
280,Modesto City-County Airport - Harry Sham Field,KMOD,-120.9549,37.62549,85.0,10.0,1,America/Los_Angeles,1997-04-12 00:00:00.000000,2020-08-04 06:53:00.000000,CA,Stanislaus,STO, 
278,Mojave,KMHV,-118.15,35.06667,2785.0,10.0,1,America/Los_Angeles,1998-07-14 00:00:00.000000,2020-08-04 06:40:00.000000,CA,Kern,HNX, 
42,Mojave,KMHV,-118.15,35.06667,2785.0,10.0,1,America/Los_Angeles,1998-07-14 00:00:00.000000,2020-08-04 06:40:00.000000,CA,Kern,HNX, 
121,Montague,K1O5,-122.55,41.73333,2526.0,10.0,1,America/Los_Angeles,2020-08-11 08:07:43.947575,2020-08-11 08:07:43.947576,CA,Siskiyou,MFR, 
93,Montague Siskiyou County Airport,KSIY,-122.46817,41.77375,2644.0,10.0,1,America/Los_Angeles,1997-02-09 00:00:00.000000,2020-08-04 06:53:00.000000,CA,Siskiyou,MFR, 
329,Montague Siskiyou County Airport,KSIY,-122.46817,41.77375,2644.0,10.0,1,America/Los_Angeles,1997-02-09 00:00:00.000000,2020-08-04 06:53:00.000000,CA,Siskiyou,MFR, 
174,Monterey Nexrad,KMUX,-121.9,37.16667,3550.0,10.0,1,America/Los_Angeles,2020-08-11 08:07:43.948023,2020-08-11 08:07:43.948023,CA,Santa Clara,MTR, 
281,Monterey Regional Airport,KMRY,-121.84875,36.59047,167.0,10.0,1,America/Los_Angeles,1997-04-12 00:00:00.000000,2020-08-04 06:54:00.000000,CA,Monterey,MTR, 
45,Monterey Regional Airport,KMRY,-121.84875,36.59047,167.0,10.0,1,America/Los_Angeles,1997-04-12 00:00:00.000000,2020-08-04 06:54:00.000000,CA,Monterey,MTR, 
41,Mount Shasta,KMHS,-122.31702,41.31494,3540.0,10.0,1,America/Los_Angeles,1997-04-12 00:00:00.000000,2020-08-04 06:56:00.000000,CA,Siskiyou,MFR, 
277,Mount Shasta,KMHS,-122.31702,41.31494,3540.0,10.0,1,America/Los_Angeles,1997-04-12 00:00:00.000000,2020-08-04 06:56:00.000000,CA,Siskiyou,MFR, 
199,Mount Wilson,KMWS,-118.07,34.22,5705.0,10.0,1,America/Los_Angeles,2010-11-01 00:00:00.000000,2015-05-13 13:45:00.000000,CA,Los Angeles,LOX, 
296,"Mountain View, Moffett Field",KNUQ,-122.04806,37.40583,33.0,10.0,1,America/Los_Angeles,1997-04-12 00:00:00.000000,2020-08-04 06:55:00.000000,CA,Santa Clara,MTR, 
60,"Mountain View, Moffett Field",KNUQ,-122.04806,37.40583,33.0,10.0,1,America/Los_Angeles,1997-04-12 00:00:00.000000,2020-08-04 06:55:00.000000,CA,Santa Clara,MTR, 
231,Murray Field,KEKA,-124.11299,40.80339,7.0,10.0,1,America/Los_Angeles,2020-06-27 12:00:00.000000,2020-07-13 00:00:00.000000,CA,Humboldt,EKA, 
222,Murrieta/Temecula French Valley,KF70,-117.1285,33.5742,1350.0,10.0,1,America/Los_Angeles,2013-11-25 00:00:00.000000,2020-08-04 06:55:00.000000,CA,Riverside,SGX, 
240,"Napa, Napa County Airport",KAPC,-122.27944,38.2075,33.0,10.0,1,America/Los_Angeles,1997-04-12 00:00:00.000000,2020-08-04 06:54:00.000000,CA,Napa,MTR, 
4,"Napa, Napa County Airport",KAPC,-122.27944,38.2075,33.0,10.0,1,America/Los_Angeles,1997-04-12 00:00:00.000000,2020-08-04 06:54:00.000000,CA,Napa,MTR, 
23,"Needles, Needles Airport",KEED,-114.62333,34.76611,890.0,10.0,1,America/Los_Angeles,1997-04-12 00:00:00.000000,2020-08-04 06:50:00.000000,CA,San Bernardino,VEF, 
259,"Needles, Needles Airport",KEED,-114.62333,34.76611,890.0,10.0,1,America/Los_Angeles,1997-04-12 00:00:00.000000,2020-08-04 06:50:00.000000,CA,San Bernardino,VEF, 
219,Nevada County Air Park,KGOO,-121.003083,39.224028,3154.0,10.0,1,America/Los_Angeles,2012-01-20 00:00:00.000000,2020-08-04 06:55:00.000000,CA,Nevada,STO, 
125,Newhall,K3A6,-118.56667,34.36667,1401.0,10.0,1,America/Los_Angeles,2004-11-23 00:00:00.000000,2011-09-05 06:30:00.000000,CA,Los Angeles,LOX, 
126,Newport Beach,K3L3,-117.88333,33.6,10.0,10.0,1,America/Los_Angeles,2020-08-11 08:07:43.947641,2020-08-11 08:07:43.947642,CA,Orange,LOX, 
190,Novato / Gnoss Field,KDVO,-122.55463,38.14178,3.0,10.0,1,America/Los_Angeles,2008-02-15 00:00:00.000000,2020-08-04 06:35:00.000000,CA,Marin,MTR, 
65,"Oakland, Metro Oakland International Airport",KOAK,-122.23294,37.7178,3.0,10.0,1,America/Los_Angeles,1997-04-12 00:00:00.000000,2020-08-04 06:53:00.000000,CA,Alameda,MTR, 
301,"Oakland, Metro Oakland International Airport",KOAK,-122.23294,37.7178,3.0,10.0,1,America/Los_Angeles,1997-04-12 00:00:00.000000,2020-08-04 06:53:00.000000,CA,Alameda,MTR, 
227,Oceano County Airport,KL52,-120.62236,35.10147,14.0,10.0,1,America/Los_Angeles,2018-07-19 20:59:00.000000,2020-08-04 06:55:00.000000,CA,San Luis Obispo,LOX, 
208,Oceanside,KL32,-116.65,33.22,26.0,10.0,1,America/Los_Angeles,2020-08-11 08:07:43.958842,2020-08-11 08:07:43.958842,CA,San Diego,SGX, 
167,Oceanside Harbor,KL34,-117.4,33.21667,30.0,10.0,1,America/Los_Angeles,2020-08-11 08:07:43.947983,2020-08-11 08:07:43.947984,CA,San Diego,SGX, 
48,"Oceanside, Camp Pendleton, Marine Corps Air Station",KNFG,-117.35389,33.30472,75.0,10.0,1,America/Los_Angeles,1997-04-12 00:00:00.000000,2020-08-04 06:55:00.000000,CA,San Diego,SGX, 
284,"Oceanside, Camp Pendleton, Marine Corps Air Station",KNFG,-117.35389,33.30472,75.0,10.0,1,America/Los_Angeles,1997-04-12 00:00:00.000000,2020-08-04 06:55:00.000000,CA,San Diego,SGX, 
303,"Oceanside, Oceanside Municipal Airport",KOKB,-117.35139,33.21806,30.0,10.0,1,America/Los_Angeles,1999-12-24 00:00:00.000000,2020-08-04 06:52:00.000000,CA,San Diego,SGX, 
67,"Oceanside, Oceanside Municipal Airport",KOKB,-117.35139,33.21806,30.0,10.0,1,America/Los_Angeles,1999-12-24 00:00:00.000000,2020-08-04 06:52:00.000000,CA,San Diego,SGX, 
304,Ontario International Airport,KONT,-117.57685,34.05316,906.0,10.0,1,America/Los_Angeles,1997-04-12 00:00:00.000000,2020-08-04 06:53:00.000000,CA,San Bernardino,SGX, 
68,Ontario International Airport,KONT,-117.57685,34.05316,906.0,10.0,1,America/Los_Angeles,1997-04-12 00:00:00.000000,2020-08-04 06:53:00.000000,CA,San Bernardino,SGX, 
200,Orange Cty/88D,KSOX,-116.37,33.82,3028.0,10.0,1,America/Los_Angeles,2020-08-11 08:07:43.958772,2020-08-11 08:07:43.958776,CA,Riverside,SGX, 
201,Orcutt Oil/Vbg,KVBX,-119.6,34.83,1224.0,10.0,1,America/Los_Angeles,2020-08-11 08:07:43.958787,2020-08-11 08:07:43.958788,CA,Santa Barbara,LOX, 
305,Oroville Municipal Airport,KOVE,-121.62223,39.49436,180.0,10.0,1,America/Los_Angeles,1999-12-24 00:00:00.000000,2020-08-04 06:53:00.000000,CA,Butte,STO, 
69,Oroville Municipal Airport,KOVE,-121.62223,39.49436,180.0,10.0,1,America/Los_Angeles,1999-12-24 00:00:00.000000,2020-08-04 06:53:00.000000,CA,Butte,STO, 
171,Oxnard / Channel Island,KL79,-119.21667,34.16667,7.0,10.0,1,America/Los_Angeles,2020-08-11 08:07:43.948001,2020-08-11 08:07:43.948001,CA,Ventura,LOX, 
70,"Oxnard, Oxnard Airport",KOXR,-119.20306,34.20056,43.0,10.0,1,America/Los_Angeles,1997-04-12 00:00:00.000000,2020-08-04 06:51:00.000000,CA,Ventura,LOX, 
306,"Oxnard, Oxnard Airport",KOXR,-119.20306,34.20056,43.0,10.0,1,America/Los_Angeles,1997-04-12 00:00:00.000000,2020-08-04 06:51:00.000000,CA,Ventura,LOX, 
311,Palm Springs Regional Airport,KPSP,-116.50431,33.82219,407.0,10.0,1,America/Los_Angeles,1997-04-12 00:00:00.000000,2020-08-04 06:53:00.000000,CA,Riverside,SGX, 
75,Palm Springs Regional Airport,KPSP,-116.50431,33.82219,407.0,10.0,1,America/Los_Angeles,1997-04-12 00:00:00.000000,2020-08-04 06:53:00.000000,CA,Riverside,SGX, 
342,"Palm Springs, Jacqueline Cochran Regional Airport",KTRM,-116.15944,33.62667,-125.0,10.0,1,America/Los_Angeles,1997-04-12 00:00:00.000000,2020-08-04 06:52:00.000000,CA,Riverside,SGX, 
106,"Palm Springs, Jacqueline Cochran Regional Airport",KTRM,-116.15944,33.62667,-125.0,10.0,1,America/Los_Angeles,1997-04-12 00:00:00.000000,2020-08-04 06:52:00.000000,CA,Riverside,SGX, 
72,"Palmdale, Palmdale Production Flight Plant",KPMD,-118.08139,34.62972,2543.0,10.0,1,America/Los_Angeles,1997-04-12 00:00:00.000000,2020-08-04 06:53:00.000000,CA,Los Angeles,LOX, 
308,"Palmdale, Palmdale Production Flight Plant",KPMD,-118.08139,34.62972,2543.0,10.0,1,America/Los_Angeles,1997-04-12 00:00:00.000000,2020-08-04 06:53:00.000000,CA,Los Angeles,LOX, 
307,Palo Alto Airport,KPAO,-122.11667,37.46667,7.0,10.0,1,America/Los_Angeles,1997-04-12 00:00:00.000000,2020-08-03 23:47:00.000000,CA,San Mateo,MTR, 
71,Palo Alto Airport,KPAO,-122.11667,37.46667,7.0,10.0,1,America/Los_Angeles,1997-04-12 00:00:00.000000,2020-08-03 23:47:00.000000,CA,San Mateo,MTR, 
74,Paso Robles Municipal Airport,KPRB,-120.62912,35.66941,810.0,10.0,1,America/Los_Angeles,1997-04-12 00:00:00.000000,2020-08-04 06:53:00.000000,CA,San Luis Obispo,LOX, 
310,Paso Robles Municipal Airport,KPRB,-120.62912,35.66941,810.0,10.0,1,America/Los_Angeles,1997-04-12 00:00:00.000000,2020-08-04 06:53:00.000000,CA,San Luis Obispo,LOX, 
216,Petaluma Municipal Airport,KO69,-122.6053,38.2578,89.0,10.0,1,America/Los_Angeles,2011-10-20 00:00:00.000000,2020-08-04 06:55:00.000000,CA,Sonoma,MTR, 
144,Pigeon Point Coast Guard Light Station,K93Q,-122.39375,37.18208,43.0,10.0,1,America/Los_Angeles,2020-08-11 08:07:43.947745,2020-08-11 08:07:43.947746,CA,San Mateo,MTR, 
133,Pillar Pt / El Granda,K53Q,-122.5,37.5,131.0,10.0,1,America/Los_Angeles,2020-08-11 08:07:43.947681,2020-08-11 08:07:43.947682,CA,San Mateo,MTR, 
196,Placerville Airport,KPVF,-120.7533,38.7242,2585.0,10.0,1,America/Los_Angeles,2010-03-04 00:00:00.000000,2020-08-04 06:55:00.000000,CA,El Dorado,STO, 
210,Point Arena,KPAA,-122.73,38.95,59.0,10.0,1,America/Los_Angeles,2020-08-11 08:07:43.958852,2020-08-11 08:07:43.958852,CA,Lake,EKA, 
141,Point Arena Coast Guard Light Station,K89Q,-123.73333,38.95,59.0,10.0,1,America/Los_Angeles,2020-08-11 08:07:43.947724,2020-08-11 08:07:43.947724,CA,Mendocino,EKA, 
209,Point Arguello,KPGU,-119.65,34.57,39.0,10.0,1,America/Los_Angeles,2020-08-11 08:07:43.958848,2020-08-11 08:07:43.958848,CA,Santa Barbara,LOX, 
142,Point Blunt Coast Guard Light Station,K91Q,-122.41667,37.85,240.0,10.0,1,America/Los_Angeles,2020-08-11 08:07:43.947731,2020-08-11 08:07:43.947731,CA,San Francisco,MTR, 
145,Point Bonita Coast Guard Light Station,K94Q,-122.51667,37.8,3.0,10.0,1,America/Los_Angeles,2020-08-11 08:07:43.947750,2020-08-11 08:07:43.947750,CA,San Francisco,MTR, 
178,Point Cabrillo,KO72,-123.81667,39.35,66.0,10.0,1,America/Los_Angeles,2020-08-11 08:07:43.948075,2020-08-11 08:07:43.948075,CA,Mendocino,EKA, 
163,Point Loma / Cabrillo,KL13,-117.48333,32.66667,364.0,10.0,1,America/Los_Angeles,2020-08-11 08:07:43.947961,2020-08-11 08:07:43.947961,CA,,SGX, 
57,"Point Mugu, Naval Air Warfare Center",KNTD,-119.12167,34.12389,10.0,10.0,1,America/Los_Angeles,1998-12-15 00:00:00.000000,2020-08-04 06:52:00.000000,CA,Ventura,LOX, 
293,"Point Mugu, Naval Air Warfare Center",KNTD,-119.12167,34.12389,10.0,10.0,1,America/Los_Angeles,1998-12-15 00:00:00.000000,2020-08-04 06:52:00.000000,CA,Ventura,LOX, 
237,Point Piedras Blanca,K87Q,-121.28472,35.66556,56.0,10.0,1,America/Los_Angeles,1997-04-12 00:00:00.000000,2005-06-07 21:45:00.000000,CA,San Luis Obispo,LOX, 
1,Point Piedras Blanca,K87Q,-121.28472,35.66556,56.0,10.0,1,America/Los_Angeles,1997-04-12 00:00:00.000000,2005-06-07 21:45:00.000000,CA,San Luis Obispo,LOX, 
146,Point Pinos Coast Guard Light Station,K95Q,-121.93333,36.63333,20.0,10.0,1,America/Los_Angeles,2020-08-11 08:07:43.947754,2020-08-11 08:07:43.947754,CA,Monterey,MTR, 
148,Point Reyes Coast Guard Station,K97Q,-123.01667,38.0,285.0,10.0,1,America/Los_Angeles,2020-08-11 08:07:43.947768,2020-08-11 08:07:43.947769,CA,Marin,MTR, 
202,Point Reyes Vor,KPYE,-121.13,38.08,1467.0,10.0,1,America/Los_Angeles,2020-08-11 08:07:43.958793,2020-08-11 08:07:43.958794,CA,San Joaquin,STO, 
175,Point Sur,KNNZ,-121.88333,36.3,112.0,10.0,1,America/Los_Angeles,2020-08-11 08:07:43.948027,2020-08-11 08:07:43.948028,CA,Monterey,MTR, 
150,Port Chicago,K99Q,-122.03333,38.03333,39.0,10.0,1,America/Los_Angeles,2020-08-11 08:07:43.947778,2020-08-11 08:07:43.947779,CA,Contra Costa,MTR, 
312,"Porterville, Porterville Municipal Airport",KPTV,-119.06667,36.03333,443.0,10.0,1,America/Los_Angeles,1998-07-14 00:00:00.000000,2020-08-04 06:56:00.000000,CA,Tulare,HNX, 
76,"Porterville, Porterville Municipal Airport",KPTV,-119.06667,36.03333,443.0,10.0,1,America/Los_Angeles,1998-07-14 00:00:00.000000,2020-08-04 06:56:00.000000,CA,Tulare,HNX, 
82,"Ramona, Ramona Airport",KRNM,-116.91583,33.0375,1391.0,10.0,1,America/Los_Angeles,1999-12-24 00:00:00.000000,2020-08-04 06:53:00.000000,CA,San Diego,SGX, 
318,"Ramona, Ramona Airport",KRNM,-116.91583,33.0375,1391.0,10.0,1,America/Los_Angeles,1999-12-24 00:00:00.000000,2020-08-04 06:53:00.000000,CA,San Diego,SGX, 
212,Rancho Murieta,KRIU,-120.9,38.48,148.0,10.0,1,America/Los_Angeles,2020-08-11 08:07:43.958860,2020-08-11 08:07:43.958861,CA,Amador,STO, 
314,"Red Bluff, Red Bluff Municipal Airport",KRBL,-122.25222,40.15056,348.0,10.0,1,America/Los_Angeles,1997-04-12 00:00:00.000000,2020-08-04 06:54:00.000000,CA,Tehama,STO, 
78,"Red Bluff, Red Bluff Municipal Airport",KRBL,-122.25222,40.15056,348.0,10.0,1,America/Los_Angeles,1997-04-12 00:00:00.000000,2020-08-04 06:54:00.000000,CA,Tehama,STO, 
315,Redding Municipal Airport,KRDD,-122.2977,40.51461,499.0,10.0,1,America/Los_Angeles,1997-04-12 00:00:00.000000,2020-08-04 06:53:00.000000,CA,Shasta,STO, 
79,Redding Municipal Airport,KRDD,-122.2977,40.51461,499.0,10.0,1,America/Los_Angeles,1997-04-12 00:00:00.000000,2020-08-04 06:53:00.000000,CA,Shasta,STO, 
229,Reedley Municipal Airport,KO32,-119.45103,36.671,386.0,10.0,1,America/Los_Angeles,2018-08-02 18:05:00.000000,2020-08-04 06:45:00.000000,CA,Fresno,HNX, 
149,Rio Vista Coast Guard Light Station,K98Q,-121.7,38.15,3.0,10.0,1,America/Los_Angeles,2020-08-11 08:07:43.947774,2020-08-11 08:07:43.947774,CA,Solano,STO, 
81,Riverside / March Air Force Base,KRIV,-117.25,33.9,1539.0,10.0,1,America/Los_Angeles,1997-04-12 00:00:00.000000,2020-08-04 05:58:00.000000,CA,Riverside,SGX, 
317,Riverside / March Air Force Base,KRIV,-117.25,33.9,1539.0,10.0,1,America/Los_Angeles,1997-04-12 00:00:00.000000,2020-08-04 05:58:00.000000,CA,Riverside,SGX, 
77,Riverside Municipal Airport,KRAL,-117.43491,33.95299,833.0,10.0,1,America/Los_Angeles,1997-04-12 00:00:00.000000,2020-08-04 06:53:00.000000,CA,Riverside,SGX, 
313,Riverside Municipal Airport,KRAL,-117.43491,33.95299,833.0,10.0,1,America/Los_Angeles,1997-04-12 00:00:00.000000,2020-08-04 06:53:00.000000,CA,Riverside,SGX, 
211,Romona,KL39,-115.08,33.03,1401.0,10.0,1,America/Los_Angeles,2020-08-11 08:07:43.958856,2020-08-11 08:07:43.958856,CA,Imperial,PSR, 
319,Sacramento Executive Airport,KSAC,-121.49597,38.50674,16.0,10.0,1,America/Los_Angeles,1997-04-12 00:00:00.000000,2020-08-04 06:53:00.000000,CA,Sacramento,STO, 
83,Sacramento Executive Airport,KSAC,-121.49597,38.50674,16.0,10.0,1,America/Los_Angeles,1997-04-12 00:00:00.000000,2020-08-04 06:53:00.000000,CA,Sacramento,STO, 
96,Sacramento International Airport,KSMF,-121.59479,38.70071,20.0,10.0,1,America/Los_Angeles,1997-04-12 00:00:00.000000,2020-08-04 06:53:00.000000,CA,Sacramento,STO, 
332,Sacramento International Airport,KSMF,-121.59479,38.70071,20.0,10.0,1,America/Los_Angeles,1997-04-12 00:00:00.000000,2020-08-04 06:53:00.000000,CA,Sacramento,STO, 
276,Sacramento Mather Airport,KMHR,-121.28397,38.55996,92.0,10.0,1,America/Los_Angeles,1999-06-30 00:00:00.000000,2020-08-04 06:30:00.000000,CA,Sacramento,STO, 
40,Sacramento Mather Airport,KMHR,-121.28397,38.55996,92.0,10.0,1,America/Los_Angeles,1999-06-30 00:00:00.000000,2020-08-04 06:30:00.000000,CA,Sacramento,STO, 
158,Sacramento Nexrad Site,KDAX,-121.67769,38.5013,26.0,10.0,1,America/Los_Angeles,2020-08-11 08:07:43.947876,2020-08-11 08:07:43.947877,CA,Yolo,STO, 
273,"Sacramento, Mcclellan Airfield Airport",KMCC,-121.4,38.66667,75.0,10.0,1,America/Los_Angeles,1997-04-12 00:00:00.000000,2020-08-04 06:55:00.000000,CA,Sacramento,STO, 
37,"Sacramento, Mcclellan Airfield Airport",KMCC,-121.4,38.66667,75.0,10.0,1,America/Los_Angeles,1997-04-12 00:00:00.000000,2020-08-04 06:55:00.000000,CA,Sacramento,STO, 
204,Sacramento/Rfc,KRSA,-120.5,38.5,36.0,10.0,1,America/Los_Angeles,2020-08-11 08:07:43.958802,2020-08-11 08:07:43.958803,CA,Amador,STO, 
203,Sacramento/Wfo,KSTO,-120.5,38.5,36.0,10.0,1,America/Los_Angeles,2020-08-11 08:07:43.958798,2020-08-11 08:07:43.958799,CA,Amador,STO, 
336,"Salinas, Salinas Municipal Airport",KSNS,-121.60806,36.66361,82.0,10.0,1,America/Los_Angeles,1997-04-12 00:00:00.000000,2020-08-04 06:53:00.000000,CA,Monterey,MTR, 
100,"Salinas, Salinas Municipal Airport",KSNS,-121.60806,36.66361,82.0,10.0,1,America/Los_Angeles,1997-04-12 00:00:00.000000,2020-08-04 06:53:00.000000,CA,Monterey,MTR, 
140,Samoa / Humboldt Bay,K88Q,-124.23333,40.76667,7.0,10.0,1,America/Los_Angeles,2020-08-11 08:07:43.947719,2020-08-11 08:07:43.947719,CA,Humboldt,EKA, 
226,San Andreas Calaveras County Airport,KCPU,-120.6482,38.1461,1325.0,10.0,1,America/Los_Angeles,2016-06-28 21:03:00.000000,2020-08-04 06:35:00.000000,CA,Calaveras,STO, 
86,San Bernardino Intl. Airport,KSBD,-117.24705,34.09027,1086.0,10.0,1,America/Los_Angeles,2010-01-01 00:00:00.000000,2020-08-04 06:40:00.000000,CA,San Bernardino,SGX, 
322,San Bernardino Intl. Airport,KSBD,-117.24705,34.09027,1086.0,10.0,1,America/Los_Angeles,2010-01-01 00:00:00.000000,2020-08-04 06:40:00.000000,CA,San Bernardino,SGX, 
337,San Carlos Airport,KSQL,-122.25,37.51667,3.0,10.0,1,America/Los_Angeles,1997-04-12 00:00:00.000000,2020-08-04 06:55:00.000000,CA,San Mateo,MTR, 
101,San Carlos Airport,KSQL,-122.25,37.51667,3.0,10.0,1,America/Los_Angeles,1997-04-12 00:00:00.000000,2020-08-04 06:55:00.000000,CA,San Mateo,MTR, 
162,San Clemente,KL10,-117.61667,33.41667,10.0,10.0,1,America/Los_Angeles,2020-08-11 08:07:43.947956,2020-08-11 08:07:43.947956,CA,Orange,SGX, 
295,San Clemente Island Nalf,KNUC,-118.58266,33.0218,167.0,10.0,1,America/Los_Angeles,1998-10-01 00:00:00.000000,2020-08-04 06:25:00.000000,CA,Los Angeles,, 
59,San Clemente Island Nalf,KNUC,-118.58266,33.0218,167.0,10.0,1,America/Los_Angeles,1998-10-01 00:00:00.000000,2020-08-04 06:25:00.000000,CA,Los Angeles,, 
84,San Diego International Airport,KSAN,-117.18306,32.73361,13.0,10.0,1,America/Los_Angeles,1997-04-12 00:00:00.000000,2020-08-04 06:51:00.000000,CA,San Diego,SGX, 
320,San Diego International Airport,KSAN,-117.18306,32.73361,13.0,10.0,1,America/Los_Angeles,1997-04-12 00:00:00.000000,2020-08-04 06:51:00.000000,CA,San Diego,SGX, 
326,"San Diego, Brown Field Municipal Airport",KSDM,-116.99306,32.57528,538.0,10.0,1,America/Los_Angeles,1998-12-15 00:00:00.000000,2020-08-04 06:53:00.000000,CA,San Diego,SGX, 
90,"San Diego, Brown Field Municipal Airport",KSDM,-116.99306,32.57528,538.0,10.0,1,America/Los_Angeles,1998-12-15 00:00:00.000000,2020-08-04 06:53:00.000000,CA,San Diego,SGX, 
52,"San Diego, Miramar Mcas/Mitscher Field Airport",KNKX,-117.1425,32.86833,479.0,10.0,1,America/Los_Angeles,1997-04-12 00:00:00.000000,2020-08-04 04:55:00.000000,CA,San Diego,SGX, 
288,"San Diego, Miramar Mcas/Mitscher Field Airport",KNKX,-117.1425,32.86833,479.0,10.0,1,America/Los_Angeles,1997-04-12 00:00:00.000000,2020-08-04 04:55:00.000000,CA,San Diego,SGX, 
46,"San Diego, Montgomery Field",KMYF,-117.13639,32.81444,420.0,10.0,1,America/Los_Angeles,1997-04-12 00:00:00.000000,2020-08-04 06:53:00.000000,CA,San Diego,SGX, 
282,"San Diego, Montgomery Field",KMYF,-117.13639,32.81444,420.0,10.0,1,America/Los_Angeles,1997-04-12 00:00:00.000000,2020-08-04 06:53:00.000000,CA,San Diego,SGX, 
63,"San Diego, North Island, Naval Air Station",KNZY,-117.20889,32.69083,23.0,10.0,1,America/Los_Angeles,1997-04-12 00:00:00.000000,2020-08-04 06:52:00.000000,CA,San Diego,SGX, 
299,"San Diego, North Island, Naval Air Station",KNZY,-117.20889,32.69083,23.0,10.0,1,America/Los_Angeles,1997-04-12 00:00:00.000000,2020-08-04 06:52:00.000000,CA,San Diego,SGX, 
205,San Diego/Wfo,KSGX,-116.83,32.73,30.0,10.0,1,America/Los_Angeles,2020-08-11 08:07:43.958807,2020-08-11 08:07:43.958807,CA,San Diego,SGX, 
131,San Francisco Pbs,K51Q,-122.7,37.75,16.0,10.0,1,America/Los_Angeles,2020-08-11 08:07:43.947672,2020-08-11 08:07:43.947673,CA,,MTR, 
328,"San Francisco, San Francisco International Airport",KSFO,-122.36558,37.61961,10.0,10.0,1,America/Los_Angeles,1997-04-12 00:00:00.000000,2020-08-04 06:50:00.000000,CA,San Mateo,MTR, 
92,"San Francisco, San Francisco International Airport",KSFO,-122.36558,37.61961,10.0,10.0,1,America/Los_Angeles,1997-04-12 00:00:00.000000,2020-08-04 06:50:00.000000,CA,San Mateo,MTR, 
316,San Jose / Reid / Hillv,KRHV,-121.81667,37.33333,135.0,10.0,1,America/Los_Angeles,1997-04-12 00:00:00.000000,2020-08-04 04:47:00.000000,CA,Santa Clara,MTR, 
80,San Jose / Reid / Hillv,KRHV,-121.81667,37.33333,135.0,10.0,1,America/Los_Angeles,1997-04-12 00:00:00.000000,2020-08-04 04:47:00.000000,CA,Santa Clara,MTR, 
94,"San Jose, San Jose International Airport",KSJC,-121.92417,37.35917,59.0,10.0,1,America/Los_Angeles,1997-04-12 00:00:00.000000,2020-08-04 06:53:00.000000,CA,Santa Clara,MTR, 
330,"San Jose, San Jose International Airport",KSJC,-121.92417,37.35917,59.0,10.0,1,America/Los_Angeles,1997-04-12 00:00:00.000000,2020-08-04 06:53:00.000000,CA,Santa Clara,MTR, 
87,"San Luis Obispo, San Luis Obispo County-Mc Chesney Field",KSBP,-120.63611,35.23611,207.0,10.0,1,America/Los_Angeles,1997-04-12 00:00:00.000000,2020-08-04 06:50:00.000000,CA,San Luis Obispo,LOX, 
323,"San Luis Obispo, San Luis Obispo County-Mc Chesney Field",KSBP,-120.63611,35.23611,207.0,10.0,1,America/Los_Angeles,1997-04-12 00:00:00.000000,2020-08-04 06:50:00.000000,CA,San Luis Obispo,LOX, 
56,San Nicolas Island Naval Outlying Field,KNSI,-119.45588,33.23379,528.0,10.0,1,America/Los_Angeles,1998-10-01 00:00:00.000000,2020-08-04 05:53:00.000000,CA,Ventura,, 
292,San Nicolas Island Naval Outlying Field,KNSI,-119.45588,33.23379,528.0,10.0,1,America/Los_Angeles,1998-10-01 00:00:00.000000,2020-08-04 05:53:00.000000,CA,Ventura,, 
325,Sandberg,KSDB,-118.72444,34.74361,4521.0,10.0,1,America/Los_Angeles,1997-04-12 00:00:00.000000,2020-07-27 22:53:00.000000,CA,Los Angeles,LOX, 
89,Sandberg,KSDB,-118.72444,34.74361,4521.0,10.0,1,America/Los_Angeles,1997-04-12 00:00:00.000000,2020-07-27 22:53:00.000000,CA,Los Angeles,LOX, 
206,Santa Barb(Vor),KRZS,-118.22996,34.52073,3392.0,10.0,1,America/Los_Angeles,2020-08-11 08:07:43.958812,2020-08-11 08:07:43.958812,CA,Los Angeles,LOX, 
180,Santa Barbara Harbor,KP44,-119.7,34.4,26.0,10.0,1,America/Los_Angeles,2020-08-11 08:07:43.948087,2020-08-11 08:07:43.948088,CA,Santa Barbara,LOX, 
85,"Santa Barbara, Santa Barbara Municipal Airport",KSBA,-119.84361,34.42611,10.0,10.0,1,America/Los_Angeles,1997-04-12 00:00:00.000000,2020-08-04 06:53:00.000000,CA,Santa Barbara,LOX, 
321,"Santa Barbara, Santa Barbara Municipal Airport",KSBA,-119.84361,34.42611,10.0,10.0,1,America/Los_Angeles,1997-04-12 00:00:00.000000,2020-08-04 06:53:00.000000,CA,Santa Barbara,LOX, 
166,Santa Catalina Island,KL27,-118.33333,33.33333,10.0,10.0,1,America/Los_Angeles,2020-08-11 08:07:43.947978,2020-08-11 08:07:43.947978,CA,Los Angeles,LOX, 
138,Santa Cruz Harbor,K85Q,-122.0,36.96667,3.0,10.0,1,America/Los_Angeles,2020-08-11 08:07:43.947708,2020-08-11 08:07:43.947708,CA,Santa Cruz,MTR, 
182,Santa Cruz Island,KSZN,-119.75,34.01667,33.0,10.0,1,America/Los_Angeles,2020-08-11 08:07:43.948102,2020-08-11 08:07:43.948103,CA,Santa Barbara,, 
334,Santa Maria Public Airport/Capt G Allan Hancock Field,KSMX,-120.45212,34.89408,243.0,10.0,1,America/Los_Angeles,1997-04-12 00:00:00.000000,2020-08-04 06:51:00.000000,CA,Santa Barbara,LOX, 
98,Santa Maria Public Airport/Capt G Allan Hancock Field,KSMX,-120.45212,34.89408,243.0,10.0,1,America/Los_Angeles,1997-04-12 00:00:00.000000,2020-08-04 06:51:00.000000,CA,Santa Barbara,LOX, 
120,Santa Monica Pier,K1L2,-118.5,34.0,7.0,10.0,1,America/Los_Angeles,2020-08-11 08:07:43.947568,2020-08-11 08:07:43.947569,CA,Los Angeles,LOX, 
97,"Santa Monica, Santa Monica Municipal Airport",KSMO,-118.45139,34.01583,174.0,10.0,1,America/Los_Angeles,1997-04-12 00:00:00.000000,2020-08-04 06:50:00.000000,CA,Los Angeles,LOX, 
333,"Santa Monica, Santa Monica Municipal Airport",KSMO,-118.45139,34.01583,174.0,10.0,1,America/Los_Angeles,1997-04-12 00:00:00.000000,2020-08-04 06:50:00.000000,CA,Los Angeles,LOX, 
102,"Santa Rosa, Santa Rosa Sonoma County Airport",KSTS,-122.81667,38.5,125.0,10.0,1,America/Los_Angeles,1997-04-12 00:00:00.000000,2020-08-04 06:53:00.000000,CA,Sonoma,MTR, 
338,"Santa Rosa, Santa Rosa Sonoma County Airport",KSTS,-122.81667,38.5,125.0,10.0,1,America/Los_Angeles,1997-04-12 00:00:00.000000,2020-08-04 06:53:00.000000,CA,Sonoma,MTR, 
161,"Santa Ynez, Santa Ynez Airport",KIZA,-120.07556,34.60694,673.0,10.0,1,America/Los_Angeles,2005-04-03 00:00:00.000000,2020-08-04 06:55:00.000000,CA,Santa Barbara,LOX, 
165,Scripps Pier / La Jol,KL21,-117.25,32.86667,13.0,10.0,1,America/Los_Angeles,2020-08-11 08:07:43.947973,2020-08-11 08:07:43.947973,CA,San Diego,SGX, 
64,Shelter Cove,KO87,-124.06667,40.01667,69.0,10.0,1,America/Los_Angeles,1997-04-12 00:00:00.000000,2007-06-27 23:55:00.000000,CA,Humboldt,EKA, 
300,Shelter Cove,KO87,-124.06667,40.01667,69.0,10.0,1,America/Los_Angeles,1997-04-12 00:00:00.000000,2007-06-27 23:55:00.000000,CA,Humboldt,EKA, 
124,Solana Beach,K2L7,-117.26667,32.98333,16.0,10.0,1,America/Los_Angeles,2020-08-11 08:07:43.947591,2020-08-11 08:07:43.947592,CA,San Diego,SGX, 
217,South County Airport Of Santa Clara County,KE16,-121.5968056,37.0815861,281.0,10.0,1,America/Los_Angeles,2011-11-10 00:00:00.000000,2020-08-04 06:20:00.000000,CA,Santa Clara,MTR, 
107,"South Lake Tahoe, Lake Tahoe Airport",KTVL,-119.99615,38.89836,6257.0,10.0,1,America/Los_Angeles,1997-04-12 00:00:00.000000,2020-08-04 06:53:00.000000,CA,El Dorado,REV, 
343,"South Lake Tahoe, Lake Tahoe Airport",KTVL,-119.99615,38.89836,6257.0,10.0,1,America/Los_Angeles,1997-04-12 00:00:00.000000,2020-08-04 06:53:00.000000,CA,El Dorado,REV, 
139,St George Reef Coast Guard Light Station,K86Q,-124.4,41.83333,148.0,10.0,1,America/Los_Angeles,2020-08-11 08:07:43.947714,2020-08-11 08:07:43.947714,CA,Del Norte,MFR, 
88,"Stockton, Stockton Metropolitan Airport",KSCK,-121.22361,37.88972,30.0,10.0,1,America/Los_Angeles,1997-04-12 00:00:00.000000,2020-08-04 06:55:00.000000,CA,San Joaquin,STO, 
324,"Stockton, Stockton Metropolitan Airport",KSCK,-121.22361,37.88972,30.0,10.0,1,America/Los_Angeles,1997-04-12 00:00:00.000000,2020-08-04 06:55:00.000000,CA,San Joaquin,STO, 
0,Superior Valley Gunnery Range,K4SU,-117.1,36.33333,3156.0,10.0,1,America/Los_Angeles,2020-08-11 08:07:43.935899,2020-08-11 08:07:43.935902,CA,Inyo,VEF, 
236,Superior Valley Gunnery Range,K4SU,-117.1,36.33333,3156.0,10.0,1,America/Los_Angeles,2020-08-11 08:07:59.530917,2020-08-11 08:07:59.530921,CA,Inyo,VEF, 
193,Tehachapi Municipal Airport,KTSP,-118.4392,35.135,4001.0,10.0,1,America/Los_Angeles,2010-01-19 00:00:00.000000,2020-08-04 06:55:00.000000,CA,Kern,HNX, 
172,Terminal Island,KL82,-118.26667,33.73333,33.0,10.0,1,America/Los_Angeles,2020-08-11 08:07:43.948006,2020-08-11 08:07:43.948006,CA,Los Angeles,LOX, 
340,"Torrance, Zamperini Field Airport",KTOA,-118.33333,33.8,102.0,10.0,1,America/Los_Angeles,1997-04-12 00:00:00.000000,2020-08-04 00:47:00.000000,CA,Los Angeles,LOX, 
104,"Torrance, Zamperini Field Airport",KTOA,-118.33333,33.8,102.0,10.0,1,America/Los_Angeles,1997-04-12 00:00:00.000000,2020-08-04 00:47:00.000000,CA,Los Angeles,LOX, 
234,Tracy Municipal Airport,KTCY,-121.44158,37.6889,193.0,10.0,1,America/Los_Angeles,2018-11-05 22:05:00.000000,2020-08-04 06:35:00.000000,CA,San Joaquin,STO, 
127,Treasure Island,K3O6,-122.36667,37.8,26.0,10.0,1,America/Los_Angeles,2020-08-11 08:07:43.947647,2020-08-11 08:07:43.947648,CA,San Francisco,MTR, 
147,Trinidad Head Coast Guard Light Station,K96Q,-124.15,41.05,190.0,10.0,1,America/Los_Angeles,2020-08-11 08:07:43.947762,2020-08-11 08:07:43.947762,CA,Humboldt,EKA, 
220,Trinity Center,KO86,-122.69342,40.98452,2385.0,10.0,1,America/Los_Angeles,2012-03-19 00:00:00.000000,2020-08-04 06:50:00.000000,CA,Trinity,EKA, 
341,Truckee-Tahoe,KTRK,-120.13333,39.31667,5899.0,10.0,1,America/Los_Angeles,1997-04-12 00:00:00.000000,2020-08-04 06:35:00.000000,CA,Nevada,REV, 
105,Truckee-Tahoe,KTRK,-120.13333,39.31667,5899.0,10.0,1,America/Los_Angeles,1997-04-12 00:00:00.000000,2020-08-04 06:35:00.000000,CA,Nevada,REV, 
294,Tustin Mcas,KNTK,-117.83,33.7,56.0,10.0,1,America/Los_Angeles,1997-04-12 00:00:00.000000,1999-06-30 01:45:00.000000,CA,Orange,SGX, 
58,Tustin Mcas,KNTK,-117.83,33.7,56.0,10.0,1,America/Los_Angeles,1997-04-12 00:00:00.000000,1999-06-30 01:45:00.000000,CA,Orange,SGX, 
61,Twentynine Palms Self Airport,KNXP,-116.14717,34.29401,2001.0,10.0,1,America/Los_Angeles,1997-04-12 00:00:00.000000,2020-08-04 06:56:00.000000,CA,San Bernardino,VEF, 
297,Twentynine Palms Self Airport,KNXP,-116.14717,34.29401,2001.0,10.0,1,America/Los_Angeles,1997-04-12 00:00:00.000000,2020-08-04 06:56:00.000000,CA,San Bernardino,VEF, 
108,Ukiah Municipal Airport,KUKI,-123.20011,39.12783,597.0,10.0,1,America/Los_Angeles,1997-04-12 00:00:00.000000,2020-08-04 06:50:00.000000,CA,Mendocino,EKA, 
344,Ukiah Municipal Airport,KUKI,-123.20011,39.12783,597.0,10.0,1,America/Los_Angeles,1997-04-12 00:00:00.000000,2020-08-04 06:50:00.000000,CA,Mendocino,EKA, 
207,Ukiah(Vor),KENI,-122.73,39.05,614.0,10.0,1,America/Los_Angeles,2020-08-11 08:07:43.958829,2020-08-11 08:07:43.958830,CA,Lake,EKA, 
195,University Airport,KEDU,-121.7865,38.5315,68.0,10.0,1,America/Los_Angeles,2010-07-22 00:00:00.000000,2020-08-04 06:50:00.000000,CA,Yolo,STO, 
213,Vacaville,KO45,-120.05,38.38,108.0,10.0,1,America/Los_Angeles,2020-08-11 08:07:43.958864,2020-08-11 08:07:43.958865,CA,Tuolumne,STO, 
346,Vacaville Nut Tree Airport,KVCB,-121.95853,38.37755,105.0,10.0,1,America/Los_Angeles,1999-12-24 00:00:00.000000,2020-08-04 06:53:00.000000,CA,Solano,STO, 
110,Vacaville Nut Tree Airport,KVCB,-121.95853,38.37755,105.0,10.0,1,America/Los_Angeles,1999-12-24 00:00:00.000000,2020-08-04 06:53:00.000000,CA,Solano,STO, 
112,"Van Nuys, Van Nuys Airport",KVNY,-118.49083,34.2125,797.0,10.0,1,America/Los_Angeles,1997-04-12 00:00:00.000000,2020-08-04 06:51:00.000000,CA,Los Angeles,LOX, 
348,"Van Nuys, Van Nuys Airport",KVNY,-118.49083,34.2125,797.0,10.0,1,America/Los_Angeles,1997-04-12 00:00:00.000000,2020-08-04 06:51:00.000000,CA,Los Angeles,LOX, 
350,Vandenberg Range,KXVW,-120.56667,34.71667,328.0,10.0,1,America/Los_Angeles,1999-12-10 00:00:00.000000,2002-03-08 05:55:00.000000,CA,Santa Barbara,LOX, 
114,Vandenberg Range,KXVW,-120.56667,34.71667,328.0,10.0,1,America/Los_Angeles,1999-12-10 00:00:00.000000,2002-03-08 05:55:00.000000,CA,Santa Barbara,LOX, 
179,Ventura Harbor,KP43,-119.25,34.25,23.0,10.0,1,America/Los_Angeles,2020-08-11 08:07:43.948083,2020-08-11 08:07:43.948083,CA,Ventura,LOX, 
183,"Victorville, Southern California Logistics Airport",KVCV,-117.38278,34.59722,2884.0,10.0,1,America/Los_Angeles,2004-12-30 00:00:00.000000,2020-08-04 01:45:00.000000,CA,San Bernardino,SGX, 
347,"Visalia, Visalia Municipal Airport",KVIS,-119.4,36.31667,295.0,10.0,1,America/Los_Angeles,1997-04-12 00:00:00.000000,2020-08-04 06:56:00.000000,CA,Tulare,HNX, 
111,"Visalia, Visalia Municipal Airport",KVIS,-119.4,36.31667,295.0,10.0,1,America/Los_Angeles,1997-04-12 00:00:00.000000,2020-08-04 06:56:00.000000,CA,Tulare,HNX, 
118,"Watsonville, Watsonville Municipal Airport",KWVI,-121.78889,36.93944,161.0,10.0,1,America/Los_Angeles,2004-10-08 00:00:00.000000,2020-08-04 06:53:00.000000,CA,Santa Cruz,MTR, 
214,Weaverville,KO54,-122.9223,40.746,2244.0,10.0,1,America/Los_Angeles,2010-11-01 00:00:00.000000,2020-08-04 06:35:00.000000,CA,Trinity,EKA, 
187,Westover Field - Amador County Airport,KJAQ,-120.79391,38.3768,1694.0,10.0,1,America/Los_Angeles,2007-03-21 00:00:00.000000,2020-08-04 06:55:00.000000,CA,Amador,STO, 
119,Zuma Beach,K0L3,-118.81667,34.01667,20.0,10.0,1,America/Los_Angeles,2020-08-11 08:07:43.947559,2020-08-11 08:07:43.947562,CA,Los Angeles,LOX, 
